text,label
Create a blog platform for my content,Web Development
Can you manage our agile workflow?,Project Management
Need AI for predictive analytics,AI Solutions
Build a chatbot for customer support,AI Solutions
Create a brochure for our product,Graphic Design
Create a brochure for our product,Graphic Design
Can you make a 3D architectural plan?,3D Modeling
Can you manage our agile workflow?,Project Management
Can you manage our agile workflow?,Project Management
Can you build an e-commerce store?,Web Development
Set up project tracking dashboard,Project Management
Create a 3D model of a car,3D Modeling
Create a 3D model of a car,3D Modeling
Can you make a 3D architectural plan?,3D Modeling
Need a booking system web app,Web Development
Need a booking system web app,Web Development
I need a 3D character for a game,3D Modeling
Design business cards with a modern style,Graphic Design
Can you manage our agile workflow?,Project Management
Set up project tracking dashboard,Project Management
Develop a responsive portfolio website,Web Development
Create a 3D model of a car,3D Modeling
Need support for remote project collaboration,Project Management
I need a 3D character for a game,3D Modeling
Design a new company logo,Graphic Design
Can you make an image recognition model?,AI Solutions
Can you make a social media banner?,Graphic Design
Develop a recommendation system,AI Solutions
I need a website for my business,Web Development
Set up project tracking dashboard,Project Management
Design business cards with a modern style,Graphic Design
I need a poster for an event,Graphic Design
Create a 3D model of a car,3D Modeling
Set up project tracking dashboard,Project Management
Create a blog platform for my content,Web Development
Design a new company logo,Graphic Design
I need a 3D character for a game,3D Modeling
Help manage our software project deadlines,Project Management
Need support for remote project collaboration,Project Management
Need AI for predictive analytics,AI Solutions
Create a brochure for our product,Graphic Design
Can you make a 3D architectural plan?,3D Modeling
Create a brochure for our product,Graphic Design
Design business cards with a modern style,Graphic Design
Create a brochure for our product,Graphic Design
Set up project tracking dashboard,Project Management
Can you manage our agile workflow?,Project Management
Can you make an image recognition model?,AI Solutions
I need a website for my business,Web Development
I need a website for my business,Web Development
Create a brochure for our product,Graphic Design
Help manage our software project deadlines,Project Management
Need support for remote project collaboration,Project Management
I need a 3D character for a game,3D Modeling
Create a 3D model of a car,3D Modeling
Assist with task management and reporting,Project Management
Can you manage our agile workflow?,Project Management
I need a 3D character for a game,3D Modeling
Set up project tracking dashboard,Project Management
Develop a recommendation system,AI Solutions
I need a poster for an event,Graphic Design
Can you make an image recognition model?,AI Solutions
Need support for remote project collaboration,Project Management
I need a website for my business,Web Development
Create a 3D model of a car,3D Modeling
Can you make an image recognition model?,AI Solutions
Automate text summarization using AI,AI Solutions
Design business cards with a modern style,Graphic Design
Automate text summarization using AI,AI Solutions
Help manage our software project deadlines,Project Management
Can you manage our agile workflow?,Project Management
Develop a recommendation system,AI Solutions
I need a website for my business,Web Development
Need AI for predictive analytics,AI Solutions
I need a 3D character for a game,3D Modeling
I need a 3D character for a game,3D Modeling
I need a 3D character for a game,3D Modeling
Develop a recommendation system,AI Solutions
I need a 3D character for a game,3D Modeling
Design furniture in 3D,3D Modeling
Help manage our software project deadlines,Project Management
Design a new company logo,Graphic Design
Design business cards with a modern style,Graphic Design
I need a website for my business,Web Development
Can you make an image recognition model?,AI Solutions
Create a blog platform for my content,Web Development
Create a blog platform for my content,Web Development
Develop a responsive portfolio website,Web Development
Automate text summarization using AI,AI Solutions
Can you manage our agile workflow?,Project Management
Help manage our software project deadlines,Project Management
I need a poster for an event,Graphic Design
Set up project tracking dashboard,Project Management
Design a new company logo,Graphic Design
Need a booking system web app,Web Development
Help manage our software project deadlines,Project Management
Model a product for AR/VR use,3D Modeling
Can you make an image recognition model?,AI Solutions
I need a 3D character for a game,3D Modeling
Develop a recommendation system,AI Solutions
Can you make a 3D architectural plan?,3D Modeling
Need support for remote project collaboration,Project Management
I need a poster for an event,Graphic Design
Design furniture in 3D,3D Modeling
Develop a recommendation system,AI Solutions
Automate text summarization using AI,AI Solutions
I need a poster for an event,Graphic Design
Help manage our software project deadlines,Project Management
Can you manage our agile workflow?,Project Management
Assist with task management and reporting,Project Management
I need a poster for an event,Graphic Design
Design furniture in 3D,3D Modeling
I need a website for my business,Web Development
Need support for remote project collaboration,Project Management
I need a 3D character for a game,3D Modeling
Design furniture in 3D,3D Modeling
Automate text summarization using AI,AI Solutions
Design a new company logo,Graphic Design
Need a booking system web app,Web Development
Model a product for AR/VR use,3D Modeling
Develop a recommendation system,AI Solutions
Can you make an image recognition model?,AI Solutions
Design furniture in 3D,3D Modeling
Build a chatbot for customer support,AI Solutions
Develop a responsive portfolio website,Web Development
Build a chatbot for customer support,AI Solutions
Need support for remote project collaboration,Project Management
I need a poster for an event,Graphic Design
Build a chatbot for customer support,AI Solutions
Design business cards with a modern style,Graphic Design
Can you build an e-commerce store?,Web Development
Can you manage our agile workflow?,Project Management
Can you make an image recognition model?,AI Solutions
Create a blog platform for my content,Web Development
Create a brochure for our product,Graphic Design
Need a booking system web app,Web Development
Develop a responsive portfolio website,Web Development
Can you make a social media banner?,Graphic Design
Develop a responsive portfolio website,Web Development
Can you make a 3D architectural plan?,3D Modeling
Build a chatbot for customer support,AI Solutions
Can you make a 3D architectural plan?,3D Modeling
Can you build an e-commerce store?,Web Development
Create a blog platform for my content,Web Development
Build a chatbot for customer support,AI Solutions
Develop a responsive portfolio website,Web Development
Can you build an e-commerce store?,Web Development
Can you make an image recognition model?,AI Solutions
Can you make an image recognition model?,AI Solutions
Can you build an e-commerce store?,Web Development
Can you make an image recognition model?,AI Solutions
Need a booking system web app,Web Development
Build a chatbot for customer support,AI Solutions
I need a 3D character for a game,3D Modeling
I need a 3D character for a game,3D Modeling
Assist with task management and reporting,Project Management
Need support for remote project collaboration,Project Management
I need a website for my business,Web Development
Set up project tracking dashboard,Project Management
Need support for remote project collaboration,Project Management
Develop a responsive portfolio website,Web Development
Design a new company logo,Graphic Design
Develop a recommendation system,AI Solutions
Design a new company logo,Graphic Design
Design furniture in 3D,3D Modeling
Design business cards with a modern style,Graphic Design
Develop a recommendation system,AI Solutions
Design a new company logo,Graphic Design
Develop a responsive portfolio website,Web Development
Create a brochure for our product,Graphic Design
Develop a recommendation system,AI Solutions
Can you make a social media banner?,Graphic Design
Design furniture in 3D,3D Modeling
Set up project tracking dashboard,Project Management
I need a website for my business,Web Development
Design a new company logo,Graphic Design
Need AI for predictive analytics,AI Solutions
Develop a responsive portfolio website,Web Development
Can you make an image recognition model?,AI Solutions
Can you build an e-commerce store?,Web Development
I need a poster for an event,Graphic Design
I need a 3D character for a game,3D Modeling
Can you make an image recognition model?,AI Solutions
Create a brochure for our product,Graphic Design
Design a new company logo,Graphic Design
Develop a responsive portfolio website,Web Development
Can you make a social media banner?,Graphic Design
Need AI for predictive analytics,AI Solutions
Create a brochure for our product,Graphic Design
Design business cards with a modern style,Graphic Design
Build a chatbot for customer support,AI Solutions
Can you make a 3D architectural plan?,3D Modeling
Can you make a 3D architectural plan?,3D Modeling
Help manage our software project deadlines,Project Management
Create a brochure for our product,Graphic Design
Need AI for predictive analytics,AI Solutions
Help manage our software project deadlines,Project Management
I need a 3D character for a game,3D Modeling
Can you manage our agile workflow?,Project Management
Develop a recommendation system,AI Solutions
Create a brochure for our product,Graphic Design
Can you make a 3D architectural plan?,3D Modeling
Can you make a social media banner?,Graphic Design
I need a 3D character for a game,3D Modeling
Automate text summarization using AI,AI Solutions
I need a poster for an event,Graphic Design
I need a 3D character for a game,3D Modeling
Need a booking system web app,Web Development
Can you make an image recognition model?,AI Solutions
Create a brochure for our product,Graphic Design
Can you manage our agile workflow?,Project Management
Can you build an e-commerce store?,Web Development
Design a new company logo,Graphic Design
Need AI for predictive analytics,AI Solutions
Create a 3D model of a car,3D Modeling
Create a 3D model of a car,3D Modeling
Automate text summarization using AI,AI Solutions
Can you make an image recognition model?,AI Solutions
Can you manage our agile workflow?,Project Management
Need a booking system web app,Web Development
I need a 3D character for a game,3D Modeling
Can you make a social media banner?,Graphic Design
Create a brochure for our product,Graphic Design
Can you manage our agile workflow?,Project Management
Design furniture in 3D,3D Modeling
Develop a recommendation system,AI Solutions
Build a chatbot for customer support,AI Solutions
Create a blog platform for my content,Web Development
Assist with task management and reporting,Project Management
Build a chatbot for customer support,AI Solutions
I need a poster for an event,Graphic Design
Help manage our software project deadlines,Project Management
Create a 3D model of a car,3D Modeling
Need support for remote project collaboration,Project Management
Can you make an image recognition model?,AI Solutions
I need a poster for an event,Graphic Design
Help manage our software project deadlines,Project Management
Design furniture in 3D,3D Modeling
Can you make a 3D architectural plan?,3D Modeling
Can you make a social media banner?,Graphic Design
Model a product for AR/VR use,3D Modeling
Create a brochure for our product,Graphic Design
I need a poster for an event,Graphic Design
I need a poster for an event,Graphic Design
I need a poster for an event,Graphic Design
Set up project tracking dashboard,Project Management
Develop a responsive portfolio website,Web Development
Create a 3D model of a car,3D Modeling
Design business cards with a modern style,Graphic Design
Design business cards with a modern style,Graphic Design
Design a new company logo,Graphic Design
Assist with task management and reporting,Project Management
Help manage our software project deadlines,Project Management
Develop a recommendation system,AI Solutions
Design business cards with a modern style,Graphic Design
Assist with task management and reporting,Project Management
Can you make a social media banner?,Graphic Design
Develop a recommendation system,AI Solutions
Can you make a social media banner?,Graphic Design
Can you make a 3D architectural plan?,3D Modeling
Create a brochure for our product,Graphic Design
Automate text summarization using AI,AI Solutions
Develop a recommendation system,AI Solutions
I need a 3D character for a game,3D Modeling
Model a product for AR/VR use,3D Modeling
I need a 3D character for a game,3D Modeling
Model a product for AR/VR use,3D Modeling
Build a chatbot for customer support,AI Solutions
Develop a recommendation system,AI Solutions
Build a chatbot for customer support,AI Solutions
Need a booking system web app,Web Development
Design business cards with a modern style,Graphic Design
Develop a recommendation system,AI Solutions
Assist with task management and reporting,Project Management
Need a booking system web app,Web Development
Can you make a 3D architectural plan?,3D Modeling
Need support for remote project collaboration,Project Management
Design furniture in 3D,3D Modeling
Model a product for AR/VR use,3D Modeling
Build a chatbot for customer support,AI Solutions
Develop a responsive portfolio website,Web Development
Design a new company logo,Graphic Design
Assist with task management and reporting,Project Management
I need a website for my business,Web Development
Create a blog platform for my content,Web Development
Develop a responsive portfolio website,Web Development
Create a 3D model of a car,3D Modeling
Model a product for AR/VR use,3D Modeling
Create a brochure for our product,Graphic Design
Help manage our software project deadlines,Project Management
Develop a recommendation system,AI Solutions
Design furniture in 3D,3D Modeling
Create a blog platform for my content,Web Development
Need AI for predictive analytics,AI Solutions
Assist with task management and reporting,Project Management
Can you make an image recognition model?,AI Solutions
Can you build an e-commerce store?,Web Development
Design a new company logo,Graphic Design
Develop a recommendation system,AI Solutions
Need support for remote project collaboration,Project Management
Assist with task management and reporting,Project Management
Need a booking system web app,Web Development
Help manage our software project deadlines,Project Management
Can you make a social media banner?,Graphic Design
Need support for remote project collaboration,Project Management
Can you manage our agile workflow?,Project Management
Create a brochure for our product,Graphic Design
Design a new company logo,Graphic Design
Automate text summarization using AI,AI Solutions
Need support for remote project collaboration,Project Management
Develop a responsive portfolio website,Web Development
Develop a recommendation system,AI Solutions
Design a new company logo,Graphic Design
Need support for remote project collaboration,Project Management
Automate text summarization using AI,AI Solutions
Need AI for predictive analytics,AI Solutions
I need a poster for an event,Graphic Design
Design furniture in 3D,3D Modeling
Need AI for predictive analytics,AI Solutions
Need AI for predictive analytics,AI Solutions
Automate text summarization using AI,AI Solutions
Automate text summarization using AI,AI Solutions
Can you make an image recognition model?,AI Solutions
Help manage our software project deadlines,Project Management
Design business cards with a modern style,Graphic Design
I need a 3D character for a game,3D Modeling
Assist with task management and reporting,Project Management
Can you make an image recognition model?,AI Solutions
Need AI for predictive analytics,AI Solutions
Need a booking system web app,Web Development
Develop a responsive portfolio website,Web Development
I need a poster for an event,Graphic Design
Design furniture in 3D,3D Modeling
Model a product for AR/VR use,3D Modeling
Help manage our software project deadlines,Project Management
Design a new company logo,Graphic Design
I need a poster for an event,Graphic Design
Develop a recommendation system,AI Solutions
Can you make a 3D architectural plan?,3D Modeling
I need a website for my business,Web Development
Set up project tracking dashboard,Project Management
Create a 3D model of a car,3D Modeling
Create a 3D model of a car,3D Modeling
Develop a recommendation system,AI Solutions
Assist with task management and reporting,Project Management
Create a brochure for our product,Graphic Design
Can you make an image recognition model?,AI Solutions
Design furniture in 3D,3D Modeling
Can you manage our agile workflow?,Project Management
Assist with task management and reporting,Project Management
Need support for remote project collaboration,Project Management
Model a product for AR/VR use,3D Modeling
Can you build an e-commerce store?,Web Development
Create a blog platform for my content,Web Development
Automate text summarization using AI,AI Solutions
I need a poster for an event,Graphic Design
I need a poster for an event,Graphic Design
Develop a recommendation system,AI Solutions
Can you make a social media banner?,Graphic Design
Design a new company logo,Graphic Design
Need a booking system web app,Web Development
Can you manage our agile workflow?,Project Management
Develop a responsive portfolio website,Web Development
Need AI for predictive analytics,AI Solutions
Create a 3D model of a car,3D Modeling
Develop a responsive portfolio website,Web Development
Can you make an image recognition model?,AI Solutions
Design business cards with a modern style,Graphic Design
Need AI for predictive analytics,AI Solutions
I need a poster for an event,Graphic Design
Develop a responsive portfolio website,Web Development
Need a booking system web app,Web Development
Can you manage our agile workflow?,Project Management
Build a chatbot for customer support,AI Solutions
Create a blog platform for my content,Web Development
Develop a responsive portfolio website,Web Development
Create a brochure for our product,Graphic Design
Need AI for predictive analytics,AI Solutions
Help manage our software project deadlines,Project Management
Need a booking system web app,Web Development
Develop a recommendation system,AI Solutions
I need a website for my business,Web Development
Set up project tracking dashboard,Project Management
Can you manage our agile workflow?,Project Management
Create a 3D model of a car,3D Modeling
Model a product for AR/VR use,3D Modeling
Can you make an image recognition model?,AI Solutions
Develop a recommendation system,AI Solutions
Build a chatbot for customer support,AI Solutions
Can you build an e-commerce store?,Web Development
Can you manage our agile workflow?,Project Management
Help manage our software project deadlines,Project Management
Develop a recommendation system,AI Solutions
Develop a responsive portfolio website,Web Development
I need a website for my business,Web Development
Can you manage our agile workflow?,Project Management
Can you manage our agile workflow?,Project Management
Develop a responsive portfolio website,Web Development
Can you make a 3D architectural plan?,3D Modeling
I need a poster for an event,Graphic Design
Can you make an image recognition model?,AI Solutions
Develop a responsive portfolio website,Web Development
Assist with task management and reporting,Project Management
I need a poster for an event,Graphic Design
Need support for remote project collaboration,Project Management
Help manage our software project deadlines,Project Management
Create a blog platform for my content,Web Development
Can you make a 3D architectural plan?,3D Modeling
Create a blog platform for my content,Web Development
Set up project tracking dashboard,Project Management
Design business cards with a modern style,Graphic Design
Design furniture in 3D,3D Modeling
I need a 3D character for a game,3D Modeling
Create a blog platform for my content,Web Development
Automate text summarization using AI,AI Solutions
Model a product for AR/VR use,3D Modeling
Create a brochure for our product,Graphic Design
Can you build an e-commerce store?,Web Development
Develop a recommendation system,AI Solutions
Need a booking system web app,Web Development
Need support for remote project collaboration,Project Management
I need a website for my business,Web Development
I need a poster for an event,Graphic Design
Need a booking system web app,Web Development
Need a booking system web app,Web Development
Develop a responsive portfolio website,Web Development
Create a brochure for our product,Graphic Design
Design furniture in 3D,3D Modeling
I need a poster for an event,Graphic Design
Need AI for predictive analytics,AI Solutions
Design a new company logo,Graphic Design
Set up project tracking dashboard,Project Management
Build a chatbot for customer support,AI Solutions
Build a chatbot for customer support,AI Solutions
Model a product for AR/VR use,3D Modeling
Build a chatbot for customer support,AI Solutions
Model a product for AR/VR use,3D Modeling
Set up project tracking dashboard,Project Management
Can you make a 3D architectural plan?,3D Modeling
Help manage our software project deadlines,Project Management
Can you manage our agile workflow?,Project Management
Develop a recommendation system,AI Solutions
Can you manage our agile workflow?,Project Management
Automate text summarization using AI,AI Solutions
Model a product for AR/VR use,3D Modeling
Can you make a 3D architectural plan?,3D Modeling
Build a chatbot for customer support,AI Solutions
Design a new company logo,Graphic Design
Assist with task management and reporting,Project Management
Design business cards with a modern style,Graphic Design
Can you make a 3D architectural plan?,3D Modeling
Need a booking system web app,Web Development
Model a product for AR/VR use,3D Modeling
Need AI for predictive analytics,AI Solutions
Create a brochure for our product,Graphic Design
Set up project tracking dashboard,Project Management
Design a new company logo,Graphic Design
Need a booking system web app,Web Development
Develop a recommendation system,AI Solutions
Model a product for AR/VR use,3D Modeling
Assist with task management and reporting,Project Management
I need a poster for an event,Graphic Design
Set up project tracking dashboard,Project Management
I need a 3D character for a game,3D Modeling
Create a brochure for our product,Graphic Design
Create a brochure for our product,Graphic Design
Create a brochure for our product,Graphic Design
Automate text summarization using AI,AI Solutions
Create a 3D model of a car,3D Modeling
Develop a responsive portfolio website,Web Development
Design a new company logo,Graphic Design
Design a new company logo,Graphic Design
Design a new company logo,Graphic Design
Assist with task management and reporting,Project Management
Design furniture in 3D,3D Modeling
Assist with task management and reporting,Project Management
I need a website for my business,Web Development
I need a website for my business,Web Development
Design furniture in 3D,3D Modeling
Can you make an image recognition model?,AI Solutions
Can you make an image recognition model?,AI Solutions
Model a product for AR/VR use,3D Modeling
Assist with task management and reporting,Project Management
Design furniture in 3D,3D Modeling
Model a product for AR/VR use,3D Modeling
Can you make an image recognition model?,AI Solutions
Help manage our software project deadlines,Project Management
Help manage our software project deadlines,Project Management
Design business cards with a modern style,Graphic Design
Need support for remote project collaboration,Project Management
Automate text summarization using AI,AI Solutions
Develop a recommendation system,AI Solutions
Set up project tracking dashboard,Project Management
I need a 3D character for a game,3D Modeling
Help manage our software project deadlines,Project Management
Automate text summarization using AI,AI Solutions
Can you manage our agile workflow?,Project Management
Design furniture in 3D,3D Modeling
Can you make a 3D architectural plan?,3D Modeling
Create a 3D model of a car,3D Modeling
